{"nrows": [500, 5000, 10000, 20000, 50000, 100000, 200000, 300000, 400000, 500000, 600000, 700000, 800000, 1000000, 5000000, 10000000], "ncols": [11, 11, 11, 11, 11, 11, 11, 11, 11, 11, 11, 11, 11, 11, 11, 11], "use_polars": [false, false, false, false, false, false, false, false, false, false, false, false, false, false, false, false], "time_reading": [0.17476177215576172, 0.004230499267578125, 0.0060231685638427734, 0.010456562042236328, 0.03267693519592285, 0.043061017990112305, 0.06809377670288086, 0.07893085479736328, 0.12041282653808594, 0.1562197208404541, 0.16075921058654785, 0.19678330421447754, 0.20645880699157715, 0.2805800437927246, 1.4710206985473633, 2.9362452030181885], "time_mean": [0.002597808837890625, 0.0009834766387939453, 0.0008990764617919922, 0.0024187564849853516, 0.0028638839721679688, 0.004774808883666992, 0.0047266483306884766, 0.010253190994262695, 0.010509014129638672, 0.010928153991699219, 0.013672113418579102, 0.01697993278503418, 0.016194820404052734, 0.024390459060668945, 0.1089935302734375, 0.2116546630859375], "time_groupby_mean": [0.007443666458129883, 0.0015168190002441406, 0.0014128684997558594, 0.006397724151611328, 0.009414911270141602, 0.017407655715942383, 0.04501485824584961, 0.06014537811279297, 0.0715785026550293, 0.10786008834838867, 0.13126516342163086, 0.17290878295898438, 0.17364263534545898, 0.27828168869018555, 2.023366928100586, 3.3878111839294434], "time_sorting": [0.001047372817993164, 0.0010366439819335938, 0.0017185211181640625, 0.004541873931884766, 0.010456323623657227, 0.019927501678466797, 0.040548086166381836, 0.07541704177856445, 0.0766439437866211, 0.12516427040100098, 0.14731192588806152, 0.1691901683807373, 0.20686960220336914, 0.42949366569519043, 1.8828587532043457, 3.4740288257598877], "moving_average": [0.011499404907226562, 0.033777475357055664, 0.06066465377807617, 0.11314058303833008, 0.2623438835144043, 0.5370063781738281, 1.2002780437469482, 1.6794424057006836, 2.132037401199341, 2.5977582931518555, 3.152665853500366, 3.619431495666504, 4.2375571727752686, 5.9588844776153564, 27.218753337860107, 57.995718002319336]}