{"nrows": [500, 5000, 10000, 20000, 50000, 100000, 200000, 300000, 400000, 500000, 600000, 700000, 800000, 1000000, 5000000, 10000000, 15000000, 20000000, 25000000], "ncols": [11, 11, 11, 11, 11, 11, 11, 11, 11, 11, 11, 11, 11, 11, 11, 11, 11, 11, 11], "use_polars": [true, true, true, true, true, true, true, true, true, true, true, true, true, true, true, true, true, true, true], "time_reading": [0.14964556694030762, 0.0021791458129882812, 0.004754781723022461, 0.00720667839050293, 0.015406131744384766, 0.029774904251098633, 0.06018638610839844, 0.0763847827911377, 0.10752415657043457, 0.14295697212219238, 0.19028353691101074, 0.19550776481628418, 0.2391185760498047, 0.290147066116333, 1.2843225002288818, 2.8726651668548584, 4.672894716262817, 6.172214031219482, 7.821514368057251], "time_mean": [0.013629436492919922, 0.00027680397033691406, 0.0004277229309082031, 0.00048542022705078125, 0.0009908676147460938, 0.0010840892791748047, 0.0016417503356933594, 0.0021126270294189453, 0.003103971481323242, 0.003694295883178711, 0.004006385803222656, 0.005245685577392578, 0.005778789520263672, 0.0060770511627197266, 0.030011415481567383, 0.06108212471008301, 0.08267831802368164, 0.11652684211730957, 0.1372687816619873], "time_groupby_mean": [0.008094072341918945, 0.0023834705352783203, 0.001974821090698242, 0.0015101432800292969, 0.005191326141357422, 0.009519338607788086, 0.020025968551635742, 0.02842879295349121, 0.03857564926147461, 0.051824092864990234, 0.06786012649536133, 0.0798947811126709, 0.09611225128173828, 0.13767170906066895, 1.0228826999664307, 1.7517459392547607, 2.611337661743164, 3.755108118057251, 4.819645404815674], "time_sorting": [0.0032129287719726562, 0.0009622573852539062, 0.0011920928955078125, 0.0029244422912597656, 0.004019975662231445, 0.00791025161743164, 0.018547534942626953, 0.032723426818847656, 0.04610276222229004, 0.061417579650878906, 0.08151602745056152, 0.09383797645568848, 0.1037302017211914, 0.1431260108947754, 0.9914212226867676, 1.5478394031524658, 2.57297420501709, 4.158710956573486, 6.120031833648682], "moving_average": [0.0031671524047851562, 0.00025463104248046875, 0.0025382041931152344, 0.0009012222290039062, 0.0005249977111816406, 0.0010178089141845703, 0.0010724067687988281, 0.0016052722930908203, 0.0017402172088623047, 0.002086639404296875, 0.0023207664489746094, 0.0062863826751708984, 0.003751516342163086, 0.011768579483032227, 0.046779632568359375, 0.056366682052612305, 0.10037350654602051, 0.1251511573791504, 0.17072057723999023]}